Kanji,Grade,Freq
一,1,17
右,1,623
雨,1,552
円,1,218
王,1,214
音,1,4
下,1,99
火,1,226
花,1,550
貝,1,1895
学,1,139
気,1,15
九,1,809
休,1,511
玉,1,729
金,1,112
空,1,209
月,1,43
犬,1,902
見,1,6
五,1,744
口,1,242
校,1,560
左,1,617
三,1,181
山,1,128
子,1,51
四,1,553
糸,1,1536
字,1,415
耳,1,1101
七,1,1082
車,1,343
手,1,46
十,1,420
出,1,11
女,1,86
小,1,165
上,1,29
森,1,528
人,1,2
水,1,207
正,1,121
生,1,5
青,1,529
夕,1,1094
石,1,308
赤,1,602
千,1,488
川,1,252
先,1,145
早,1,341
草,1,783
足,1,303
村,1,369
大,1,16
男,1,293
竹,1,1298
中,1,19
虫,1,1052
町,1,674
天,1,249
田,1,110
土,1,381
二,1,129
日,1,3
入,1,18
年,1,22
白,1,116
八,1,795
百,1,564
文,1,176
木,1,359
本,1,12
名,1,41
目,1,64
立,1,127
力,1,93
林,1,999
六,1,1093
引,2,227
羽,2,980
雲,2,455
園,2,670
遠,2,572
何,2,52
科,2,700
夏,2,504
家,2,152
歌,2,184
画,2,31
回,2,54
会,2,73
海,2,174
絵,2,379
外,2,83
角,2,740
楽,2,119
活,2,284
間,2,44
丸,2,768
岩,2,892
顔,2,461
汽,2,2932
記,2,69
帰,2,525
弓,2,1845
牛,2,1136
魚,2,940
京,2,360
強,2,148
教,2,133
近,2,149
兄,2,1066
形,2,356
計,2,333
元,2,192
言,2,27
原,2,166
戸,2,682
古,2,483
午,2,1137
後,2,65
語,2,81
工,2,540
公,2,115
広,2,396
交,2,462
光,2,466
考,2,138
行,2,37
高,2,67
黄,2,1175
合,2,40
谷,2,490
国,2,50
黒,2,506
今,2,30
才,2,1122
細,2,262
作,2,28
算,2,697
止,2,257
市,2,264
矢,2,1077
姉,2,840
思,2,9
紙,2,704
寺,2,1245
自,2,35
時,2,21
室,2,836
社,2,177
弱,2,673
首,2,491
秋,2,703
週,2,347
春,2,505
書,2,60
少,2,162
場,2,58
色,2,197
食,2,154
心,2,180
新,2,33
親,2,442
図,2,456
数,2,111
西,2,329
声,2,334
星,2,425
晴,2,765
切,2,156
雪,2,636
船,2,1034
線,2,358
前,2,42
組,2,175
走,2,443
多,2,106
太,2,345
体,2,76
台,2,475
地,2,59
池,2,938
知,2,77
茶,2,722
昼,2,1109
長,2,131
鳥,2,785
朝,2,305
直,2,202
通,2,94
弟,2,1331
店,2,454
点,2,118
電,2,206
刀,2,1375
冬,2,936
当,2,85
東,2,183
答,2,754
頭,2,307
同,2,100
道,2,219
読,2,194
内,2,108
南,2,522
肉,2,601
馬,2,291
売,2,157
買,2,136
麦,2,1763
半,2,314
番,2,191
父,2,1025
風,2,205
分,2,20
聞,2,232
米,2,277
歩,2,581
母,2,760
方,2,23
北,2,223
毎,2,409
妹,2,1232
万,2,273
明,2,96
鳴,2,1115
毛,2,992
門,2,695
夜,2,430
野,2,203
友,2,577
用,2,74
曜,2,478
来,2,70
里,2,918
理,2,88
話,2,78
悪,3,150
安,3,117
暗,3,658
医,3,826
委,3,923
意,3,82
育,3,609
員,3,239
院,3,625
飲,3,555
運,3,376
泳,3,1599
駅,3,1242
央,3,1196
横,3,318
屋,3,355
温,3,757
化,3,103
荷,3,1157
界,3,186
開,3,75
階,3,666
寒,3,1138
感,3,32
漢,3,1289
館,3,497
岸,3,1392
起,3,274
期,3,130
客,3,820
究,3,707
急,3,640
級,3,445
宮,3,538
球,3,335
去,3,283
橋,3,937
業,3,182
曲,3,1
局,3,337
銀,3,691
区,3,771
苦,3,547
具,3,612
君,3,498
係,3,349
軽,3,624
血,3,879
決,3,159
研,3,662
県,3,306
庫,3,1009
湖,3,1659
向,3,211
幸,3,679
港,3,1203
号,3,471
根,3,593
祭,3,800
皿,3,1746
仕,3,225
死,3,178
使,3,48
始,3,246
指,3,328
歯,3,1158
詩,3,1570
次,3,170
事,3,25
持,3,109
式,3,147
実,3,72
写,3,435
者,3,34
主,3,204
守,3,618
取,3,126
酒,3,824
受,3,331
州,3,895
拾,3,1429
終,3,168
習,3,690
集,3,237
住,3,643
重,3,185
宿,3,1347
所,3,144
暑,3,1423
助,3,638
昭,3,946
消,3,267
商,3,681
章,3,842
勝,3,98
乗,3,382
植,3,1007
申,3,739
身,3,290
神,3,193
真,3,196
深,3,413
進,3,286
世,3,135
整,3,796
昔,3,363
全,3,66
相,3,171
送,3,298
想,3,195
息,3,995
速,3,224
族,3,509
他,3,199
打,3,255
対,3,71
待,3,250
代,3,113
第,3,265
題,3,160
炭,3,1466
短,3,852
談,3,582
着,3,266
注,3,524
柱,3,1353
丁,3,1174
帳,3,1556
調,3,101
追,3,26
定,3,63
庭,3,1223
笛,3,2178
鉄,3,900
転,3,324
都,3,377
度,3,61
投,3,49
豆,3,1056
島,3,210
湯,3,1328
登,3,428
等,3,628
動,3,13
童,3,1083
農,3,1395
波,3,468
配,3,240
倍,3,451
箱,3,1028
畑,3,1655
発,3,53
反,3,243
坂,3,1047
板,3,782
皮,3,1166
悲,3,719
美,3,281
鼻,3,1288
筆,3,1290
氷,3,1357
表,3,151
秒,3,939
病,3,621
品,3,221
負,3,405
部,3,87
服,3,833
福,3,503
物,3,107
平,3,309
返,3,412
勉,3,1022
放,3,268
味,3,105
命,3,539
面,3,90
問,3,123
役,3,549
薬,3,812
由,3,357
油,3,990
有,3,201
遊,3,532
予,3,120
羊,3,1691
洋,3,810
葉,3,378
陽,3,932
様,3,173
落,3,247
流,3,169
旅,3,1081
両,3,566
緑,3,1274
礼,3,1183
列,3,848
練,3,864
路,3,685
和,3,230
愛,4,233
案,4,526
以,4,91
衣,4,1264
位,4,167
囲,4,570
胃,4,1629
印,4,569
英,4,256
栄,4,965
塩,4,1055
億,4,816
加,4,24
果,4,302
貨,4,1554
課,4,1035
芽,4,1973
改,4,236
械,4,1332
害,4,380
街,4,853
各,4,631
覚,4,322
完,4,313
官,4,587
管,4,779
関,4,62
観,4,362
願,4,637
希,4,1045
季,4,1096
紀,4,890
喜,4,970
旗,4,1073
器,4,489
機,4,56
議,4,282
求,4,596
泣,4,926
救,4,1134
給,4,845
挙,4,678
漁,4,1461
共,4,301
協,4,819
鏡,4,198
競,4,742
極,4,620
訓,4,1484
軍,4,470
郡,4,1948
径,4,2041
型,4,403
景,4,814
芸,4,734
欠,4,1065
結,4,97
建,4,846
健,4,763
験,4,500
固,4,896
功,4,882
好,4,114
候,4,1036
航,4,893
康,4,813
告,4,365
差,4,386
菜,4,1015
最,4,55
材,4,554
昨,4,584
札,4,1273
刷,4,1769
殺,4,294
察,4,598
参,4,375
産,4,394
散,4,715
残,4,270
士,4,364
氏,4,342
史,4,499
司,4,698
試,4,388
児,4,876
治,4,354
辞,4,857
失,4,411
借,4,1019
種,4,486
周,4,493
祝,4,1310
順,4,458
初,4,7
松,4,672
笑,4,353
唱,4,1084
焼,4,634
象,4,280
照,4,908
賞,4,709
臣,4,1302
信,4,215
成,4,142
省,4,755
清,4,958
静,4,1048
席,4,891
積,4,743
折,4,954
節,4,888
説,4,179
浅,4,1470
戦,4,38
選,4,102
然,4,304
争,4,571
倉,4,748
巣,4,1791
束,4,1128
側,4,463
続,4,14
卒,4,1263
孫,4,1743
帯,4,361
隊,4,516
達,4,344
単,4,261
置,4,300
仲,4,997
貯,4,1471
兆,4,1413
腸,4,1792
低,4,414
底,4,976
停,4,985
的,4,36
典,4,1098
伝,4,340
徒,4,1142
努,4,1448
灯,4,1566
堂,4,213
働,4,546
特,4,216
得,4,319
毒,4,724
熱,4,653
念,4,429
敗,4,494
梅,4,1086
博,4,1063
飯,4,832
飛,4,338
費,4,615
必,4,140
票,4,568
標,4,933
不,4,104
夫,4,448
付,4,80
府,4,530
副,4,1209
粉,4,1255
兵,4,738
別,4,217
辺,4,492
変,4,84
便,4,259
包,4,1369
法,4,158
望,4,632
牧,4,1562
末,4,622
満,4,544
未,4,424
脈,4,1645
民,4,155
無,4,45
約,4,323
勇,4,1068
要,4,137
養,4,1141
浴,4,1615
利,4,124
陸,4,914
良,4,47
料,4,326
量,4,384
輪,4,930
類,4,578
令,4,1173
冷,4,761
例,4,487
歴,4,694
連,4,8
老,4,1106
労,4,677
録,4,279
圧,5,708
移,5,515
因,5,780
永,5,752
営,5,611
衛,5,802
易,5,927
益,5,1129
液,5,1181
演,5,485
応,5,189
往,5,1859
桜,5,943
恩,5,1595
可,5,190
仮,5,889
価,5,229
河,5,966
過,5,208
賀,5,1238
快,5,1003
解,5,39
格,5,163
確,5,200
額,5,868
刊,5,792
幹,5,1241
慣,5,1021
眼,5,1197
基,5,348
寄,5,747
規,5,325
技,5,477
義,5,439
逆,5,502
久,5,427
旧,5,790
居,5,591
許,5,645
境,5,649
均,5,1311
禁,5,721
句,5,1229
群,5,1059
経,5,235
潔,5,1886
件,5,212
券,5,1394
険,5,791
検,5,373
限,5,263
現,5,125
減,5,476
故,5,556
個,5,299
護,5,688
効,5,440
厚,5,1151
耕,5,2119
鉱,5,1864
構,5,238
興,5,600
講,5,1378
混,5,793
査,5,517
再,5,10
災,5,925
妻,5,1323
採,5,988
際,5,391
在,5,317
財,5,979
罪,5,401
雑,5,669
酸,5,1092
賛,5,1111
支,5,421
志,5,880
枝,5,1775
師,5,701
資,5,558
飼,5,1351
示,5,397
似,5,557
識,5,385
質,5,367
舎,5,1390
謝,5,873
授,5,1191
修,5,512
述,5,1108
術,5,433
準,5,523
序,5,1220
招,5,1488
承,5,1246
証,5,507
条,5,838
状,5,272
常,5,321
情,5,141
織,5,959
職,5,541
制,5,231
性,5,68
政,5,222
勢,5,416
精,5,574
製,5,518
税,5,535
責,5,872
績,5,1187
接,5,565
設,5,285
舌,5,1620
絶,5,431
銭,5,1646
祖,5,1496
素,5,260
総,5,543
造,5,614
像,5,241
増,5,316
則,5,717
測,5,727
属,5,898
率,5,437
損,5,1008
退,5,536
貸,5,1597
態,5,346
団,5,464
断,5,417
築,5,1265
張,5,153
提,5,496
程,5,484
適,5,533
敵,5,520
統,5,389
銅,5,1952
導,5,254
徳,5,1236
独,5,580
任,5,399
燃,5,982
能,5,57
破,5,481
犯,5,573
判,5,295
版,5,234
比,5,527
肥,5,1787
非,5,459
備,5,312
俵,5,1830
評,5,368
貧,5,1150
布,5,660
婦,5,1317
富,5,713
武,5,585
復,5,452
複,5,777
仏,5,1250
編,5,410
弁,5,827
保,5,296
墓,5,1661
報,5,89
豊,5,921
防,5,545
貿,5,1940
暴,5,641
務,5,406
夢,5,576
迷,5,749
綿,5,2099
輸,5,1204
余,5,567
預,5,1739
容,5,370
略,5,725
留,5,1038
領,5,495
異,6,447
遺,6,869
域,6,762
宇,6,595
映,6,320
延,6,887
沿,6,1695
我,6,770
灰,6,1359
拡,6,288
革,6,1140
閣,6,1144
割,6,330
株,6,1201
干,6,1024
巻,6,737
看,6,1714
簡,6,804
危,6,650
机,6,2087
揮,6,1653
貴,6,741
疑,6,519
吸,6,815
供,6,474
胸,6,1154
郷,6,1462
勤,6,1228
筋,6,964
系,6,220
敬,6,1362
警,6,473
劇,6,978
激,6,635
穴,6,1039
絹,6,2942
権,6,311
憲,6,971
源,6,251
厳,6,788
己,6,830
呼,6,583
誤,6,875
后,6,3202
孝,6,1459
皇,6,1080
紅,6,1364
降,6,423
鋼,6,1945
刻,6,1088
穀,6,3008
骨,6,991
困,6,661
砂,6,1010
座,6,656
済,6,482
裁,6,751
策,6,626
冊,6,1676
蚕,6,3984
至,6,1199
私,6,327
姿,6,901
視,6,244
詞,6,457
誌,6,1119
磁,6,1699
射,6,667
捨,6,850
尺,6,2161
若,6,542
樹,6,1116
収,6,395
宗,6,1023
就,6,1270
衆,6,1226
従,6,1064
縦,6,1419
縮,6,1148
熟,6,1381
純,6,865
処,6,441
署,6,1410
諸,6,1221
除,6,479
将,6,350
傷,6,858
障,6,835
城,6,664
蒸,6,1650
針,6,1261
仁,6,1770
垂,6,1651
推,6,275
寸,6,1914
盛,6,764
聖,6,870
誠,6,1295
宣,6,884
専,6,728
泉,6,1171
洗,6,1004
染,6,928
善,6,915
奏,6,973
窓,6,854
創,6,952
装,6,271
層,6,831
操,6,847
蔵,6,1074
臓,6,1445
存,6,398
尊,6,871
宅,6,1049
担,6,849
探,6,579
誕,6,597
段,6,164
暖,6,1431
値,6,393
宙,6,733
忠,6,1474
著,6,1078
庁,6,712
頂,6,1071
潮,6,1131
賃,6,1415
痛,6,706
展,6,444
討,6,1114
党,6,402
糖,6,1522
届,6,950
難,6,287
乳,6,862
認,6,292
納,6,735
脳,6,696
派,6,426
拝,6,1656
背,6,794
肺,6,2136
俳,6,1846
班,6,2137
晩,6,1638
否,6,732
批,6,919
秘,6,867
腹,6,894
奮,6,1463
並,6,726
陛,6,2216
閉,6,1041
片,6,907
補,6,736
暮,6,1202
宝,6,1188
訪,6,1146
亡,6,776
忘,6,644
棒,6,1100
枚,6,588
幕,6,811
密,6,767
盟,6,1291
模,6,450
訳,6,422
郵,6,1833
優,6,372
幼,6,974
欲,6,276
翌,6,1872
乱,6,575
卵,6,1286
覧,6,161
裏,6,684
律,6,1103
臨,6,1501
朗,6,1507
論,6,297
乙,7,878
了,7,633
又,7,1790
丈,7,629
与,7,730
及,7,825
乞,7,2164
凡,7,1355
刃,7,1697
巾,7,2650
互,7,1044
丹,7,2062
乏,7,1671
井,7,446
冗,7,1606
凶,7,1803
刈,7,1922
勾,7,2693
匂,7,1569
匹,7,1565
升,7,2303
厄,7,1933
双,7,1180
介,7,419
孔,7,2196
屯,7,2636
幻,7,843
弔,7,3282
斗,7,1709
斤,7,2322
爪,7,1793
牙,7,1878
且,7,2604
丘,7,2154
丙,7,1376
丼,7,1506
巨,7,897
仙,7,1831
凹,7,2172
凸,7,2180
占,7,1266
叱,7,2491
召,7,1693
囚,7,1836
奴,7,453
尻,7,1143
尼,7,1860
巧,7,1658
払,7,769
氾,7,2913
汁,7,1384
込,7,95
斥,7,2449
旦,7,1533
玄,7,1750
瓦,7,2109
甘,7,975
甲,7,692
矛,7,1732
伎,7,2633
仰,7,1557
伐,7,2158
伏,7,1542
充,7,1085
刑,7,1030
劣,7,1402
匠,7,1777
企,7,534
吉,7,1026
叫,7,1486
吐,7,1218
吏,7,4451
壮,7,1396
如,7,1521
妃,7,3025
妄,7,1211
尽,7,1280
巡,7,248
帆,7,2413
弐,7,2108
忙,7,1587
扱,7,731
汎,7,2092
汚,7,986
汗,7,1797
江,7,910
芋,7,1735
芝,7,1178
迅,7,2195
旨,7,1584
旬,7,1705
肌,7,1680
朽,7,2505
朱,7,2221
朴,7,1999
缶,7,1632
臼,7,2381
舟,7,2231
串,7,2293
亜,7,1508
佐,7,607
伺,7,2254
伸,7,905
但,7,2546
伯,7,2077
伴,7,1553
克,7,1988
冶,7,2699
励,7,2059
却,7,1260
即,7,1156
呂,7,1161
含,7,710
吟,7,2766
呉,7,2417
吹,7,962
呈,7,2179
坑,7,3147
坊,7,1609
壱,7,2565
妖,7,1420
妥,7,1605
妊,7,1675
妨,7,1850
妙,7,647
寿,7,1251
尿,7,1603
尾,7,955
岐,7,1391
床,7,1525
廷,7,2330
弄,7,1617
抗,7,859
抄,7,2453
択,7,855
把,7,1568
抜,7,371
扶,7,2207
抑,7,1090
沙,7,1327
汰,7,1776
沃,7,3278
沖,7,657
沢,7,758
沈,7,1278
没,7,1425
狂,7,774
芯,7,2329
芳,7,1828
迎,7,1167
那,7,1516
邦,7,1356
阪,7,778
忌,7,2171
忍,7,1436
戒,7,1267
戻,7,630
攻,7,407
更,7,387
肘,7,2270
肝,7,1634
肖,7,2635
杉,7,1453
秀,7,1029
辛,7,821
享,7,2645
依,7,786
佳,7,1788
侍,7,1887
侮,7,1965
併,7,1435
免,7,1337
刹,7,2460
刺,7,899
到,7,1275
劾,7,3099
卓,7,1427
叔,7,2855
呪,7,1340
坪,7,3317
奈,7,947
奇,7,1014
奉,7,2204
奔,7,2857
妬,7,1740
姓,7,2419
宛,7,2407
宜,7,1827
尚,7,1490
屈,7,1254
岡,7,705
岳,7,1491
岬,7,2432
弥,7,1635
弦,7,1844
征,7,1505
彼,7,469
怪,7,652
怖,7,514
拉,7,2170
押,7,655
拐,7,2157
拒,7,1301
拠,7,881
拘,7,1451
拙,7,2272
拓,7,1417
抽,7,1601
抵,7,1318
拍,7,1176
披,7,1927
抱,7,1162
抹,7,1598
況,7,589
沼,7,1512
泥,7,1497
泊,7,1734
泌,7,2762
沸,7,1938
泡,7,1942
狙,7,806
苛,7,2361
茎,7,2273
苗,7,2120
茂,7,1891
迭,7,2858
迫,7,1072
邪,7,1012
邸,7,1959
阻,7,1815
附,7,2961
房,7,1281
旺,7,3417
昆,7,1916
昇,7,981
股,7,1678
肩,7,1342
肯,7,1882
肢,7,1439
肪,7,2088
枕,7,1983
枢,7,2415
析,7,79
杯,7,805
枠,7,1107
欧,7,1160
殴,7,1320
炎,7,1121
炊,7,1796
炉,7,1573
采,7,2211
玩,7,2160
祈,7,1446
祉,7,2096
盲,7,2058
突,7,472
虎,7,1853
阜,7,1925
斉,7,2053
亭,7,2375
侶,7,2574
侯,7,3822
俊,7,1468
侵,7,1207
促,7,1756
俗,7,1690
冠,7,1728
削,7,772
勃,7,1698
勅,7,2105
卑,7,1751
卸,7,2343
厘,7,2828
叙,7,2543
咽,7,3063
哀,7,1441
咲,7,1308
垣,7,1616
契,7,1200
威,7,1060
姻,7,2987
孤,7,1600
封,7,1244
峡,7,2589
峠,7,2619
帥,7,2833
帝,7,1163
幽,7,1799
弧,7,2773
悔,7,1297
恒,7,1426
恨,7,1902
拶,7,1897
拭,7,1951
括,7,1724
挟,7,1681
拷,7,2218
挑,7,913
洪,7,2420
浄,7,1837
津,7,807
洞,7,2054
狭,7,1442
狩,7,1524
茨,7,1367
荒,7,934
荘,7,2107
逃,7,619
郊,7,2350
郎,7,592
怨,7,2263
怠,7,1834
怒,7,823
施,7,904
昧,7,1810
是,7,1253
胎,7,2275
胆,7,1934
胞,7,1637
柿,7,2353
柵,7,2539
栃,7,1498
架,7,1509
枯,7,1896
柔,7,1321
柄,7,1285
某,7,1365
柳,7,1648
為,7,683
牲,7,1575
珍,7,1110
甚,7,2718
畏,7,2988
疫,7,2173
皆,7,877
盆,7,2117
眉,7,2155
盾,7,1428
冒,7,1430
砕,7,1802
窃,7,2337
糾,7,2660
耐,7,1097
臭,7,837
虐,7,1370
虹,7,1835
衷,7,3037
訃,7,3070
訂,7,1611
貞,7,1482
赴,7,2757
軌,7,1990
香,7,599
俺,7,187
倹,7,3653
倒,7,480
倣,7,2339
俸,7,2868
倫,7,1594
兼,7,1511
冥,7,2112
凄,7,510
准,7,2302
凍,7,1476
剥,7,1538
剣,7,1113
剛,7,1752
剤,7,1292
剖,7,2592
匿,7,1610
唄,7,1766
哺,7,2584
唆,7,1984
唇,7,2416
哲,7,1349
唐,7,1360
埋,7,1112
娯,7,2129
娠,7,1911
姫,7,957
娘,7,920
宴,7,2250
宰,7,2406
宵,7,2401
峰,7,2061
徐,7,1854
悦,7,2313
悟,7,1222
悩,7,1013
挨,7,1894
捉,7,1663
挫,7,1993
振,7,513
捜,7,1139
挿,7,1736
捕,7,639
浦,7,787
浸,7,1667
浜,7,1002
浮,7,886
涙,7,1335
浪,7,1621
華,7,699
逝,7,1876
逐,7,1398
逓,7,-1
途,7,676
透,7,1070
陥,7,1555
陣,7,1172
恣,7,2148
恐,7,766
恵,7,993
恥,7,1155
恋,7,606
恭,7,2405
扇,7,1997
拳,7,1604
敏,7,1721
脇,7,1580
脊,7,2495
脅,7,1393
脂,7,1711
朕,7,3322
胴,7,1976
桁,7,1602
核,7,1153
桑,7,1314
栽,7,2151
桟,7,5401
栓,7,2603
桃,7,1513
殊,7,1409
殉,7,2959
烈,7,1405
珠,7,1856
祥,7,1842
泰,7,1309
畝,7,3220
畜,7,1541
畔,7,3970
疾,7,1841
症,7,906
疲,7,941
眠,7,866
砲,7,829
称,7,998
租,7,3260
秩,7,2127
袖,7,2051
被,7,608
既,7,883
粋,7,1330
索,7,590
紛,7,1406
紡,7,2626
紋,7,1719
翁,7,2473
耗,7,2242
致,7,1033
般,7,711
蚊,7,2134
衰,7,1689
託,7,1888
貢,7,1858
軒,7,2048
辱,7,1974
酎,7,2394
酌,7,3142
釜,7,1969
隻,7,1612
飢,7,2345
鬼,7,1032
竜,7,646
曹,7,2072
乾,7,1581
偽,7,1046
偶,7,1551
偵,7,1433
偏,7,1464
剰,7,1753
勘,7,1127
唾,7,2267
喝,7,2285
啓,7,1654
唯,7,1504
埼,7,1748
堆,7,2776
執,7,1382
培,7,1889
婚,7,945
婆,7,2065
寂,7,1444
尉,7,2814
崖,7,2300
崎,7,548
崇,7,1778
崩,7,968
庶,7,2124
庸,7,3384
彩,7,1159
彫,7,2106
惧,7,2309
惨,7,1591
惜,7,1416
悼,7,2182
捻,7,2047
捗,7,1585
掛,7,860
掘,7,984
掲,7,834
控,7,1326
据,7,1806
措,7,1868
掃,7,1352
排,7,1120
描,7,404
堀,7,1408
淫,7,1523
涯,7,2233
渇,7,2454
渓,7,3131
渋,7,977
淑,7,3416
渉,7,1383
淡,7,1786
添,7,1546
涼,7,1518
猫,7,561
猛,7,1312
猟,7,2049
葛,7,1960
萎,7,1913
菓,7,1233
菊,7,1284
菌,7,1514
逸,7,1372
逮,7,909
郭,7,2389
陰,7,1005
陳,7,2031
陶,7,2086
陪,7,3349
隆,7,1213
陵,7,2551
患,7,1494
悠,7,1644
戚,7,2027
斜,7,1673
斬,7,1747
旋,7,1779
曽,7,2396
脚,7,1186
脱,7,798
梗,7,2743
梨,7,1385
殻,7,1781
爽,7,702
瓶,7,2010
痕,7,2258
盗,7,916
眺,7,1701
窒,7,2782
符,7,1947
粗,7,1855
粘,7,1422
粒,7,1374
紺,7,2252
紹,7,605
紳,7,1811
累,7,2382
羞,7,3125
粛,7,2034
舷,7,4317
舶,7,3493
虚,7,1386
蛍,7,2125
蛇,7,1757
袋,7,1212
訟,7,1665
豚,7,1380
貪,7,2614
貫,7,1500
販,7,663
赦,7,2022
軟,7,1900
酔,7,1319
釈,7,1276
釣,7,1434
頃,7,434
鹿,7,817
麻,7,1124
斎,7,1649
亀,7,1548
僅,7,2203
偉,7,1339
傍,7,1904
募,7,1054
傘,7,1530
喉,7,1995
喩,7,2274
喚,7,1529
喫,7,1450
喪,7,2081
圏,7,1169
堪,7,1892
堅,7,1729
堕,7,1694
塚,7,1315
堤,7,2373
塔,7,1849
塀,7,3269
塁,7,917
奥,7,1198
媛,7,2255
媒,7,2076
婿,7,3296
尋,7,1771
嵐,7,1472
項,7,1305
幅,7,1050
帽,7,1759
幾,7,1636
廃,7,839
廊,7,2606
弾,7,559
御,7,720
循,7,2282
慌,7,2035
惰,7,2283
愉,7,2198
握,7,1125
援,7,687
換,7,551
搭,7,1268
揚,7,1269
揺,7,1168
湧,7,1768
渦,7,2331
滋,7,2351
湿,7,1839
渡,7,759
湾,7,1123
猶,7,2390
葬,7,1619
遇,7,1418
遂,7,1438
遅,7,604
遍,7,2210
隅,7,1814
随,7,1535
惑,7,756
扉,7,2012
掌,7,2064
敢,7,1817
斑,7,2602
暁,7,2068
晶,7,1564
替,7,594
普,7,336
腕,7,1076
椅,7,1930
椎,7,1741
棺,7,2687
棋,7,228
棚,7,1783
棟,7,2236
款,7,3878
欺,7,1258
殖,7,1630
煮,7,1387
焦,7,1456
琴,7,1294
畳,7,2002
疎,7,1588
痩,7,1874
痘,7,4307
痢,7,2208
硬,7,1558
硝,7,2569
硫,7,2184
裕,7,797
筒,7,1000
粧,7,2192
絞,7,1493
紫,7,1560
絡,7,948
蛮,7,1956
裂,7,1306
詠,7,2558
詐,7,1272
詔,7,-1
診,7,1559
訴,7,944
貼,7,258
越,7,801
超,7,438
距,7,1234
軸,7,1576
酢,7,1961
鈍,7,1982
閑,7,2946
雇,7,1389
雄,7,822
雰,7,912
須,7,289
傲,7,2796
傾,7,1195
傑,7,2055
債,7,1596
催,7,1006
僧,7,1977
勧,7,351
嗅,7,2332
嗣,7,2141
嘆,7,1903
塞,7,1867
填,7,2371
毀,7,2482
塊,7,1639
塑,7,3793
塗,7,1147
奨,7,390
嫉,7,1826
嫁,7,1515
嫌,7,449
寛,7,1723
寝,7,613
廉,7,2269
彙,7,2352
微,7,689
慄,7,2461
慨,7,2140
慎,7,1237
携,7,400
搾,7,1915
摂,7,1795
搬,7,2104
溺,7,2244
滑,7,1502
溝,7,2038
滞,7,1720
滝,7,2372
漠,7,1943
滅,7,781
溶,7,1348
猿,7,1829
蓋,7,1755
蓄,7,1857
遡,7,2364
遜,7,2852
違,7,134
遣,7,1341
隙,7,1686
隔,7,1528
愚,7,1579
慈,7,1574
愁,7,2169
暇,7,1414
腎,7,3102
腫,7,2212
腺,7,2018
腰,7,1481
楷,7,-1
棄,7,1293
楼,7,2400
歳,7,603
殿,7,253
煙,7,648
煩,7,2080
煎,7,2428
献,7,1613
禍,7,2566
禅,7,2468
痴,7,1388
睦,7,2249
睡,7,1563
督,7,972
碁,7,1971
稚,7,1754
窟,7,2085
裾,7,2609
褐,7,2804
裸,7,1259
継,7,269
羨,7,1706
艇,7,1818
虞,7,4666
虜,7,2736
蜂,7,2011
触,7,718
詣,7,3105
詮,7,2175
該,7,1702
詰,7,903
誇,7,1708
詳,7,310
誉,7,1614
賂,7,2704
賊,7,1532
賄,7,2024
跡,7,1099
践,7,2291
跳,7,1848
較,7,1105
載,7,432
酬,7,1469
酪,7,3684
鉛,7,2060
鉢,7,2323
鈴,7,1190
雅,7,1722
雷,7,1042
零,7,1455
飾,7,1520
飽,7,1282
靴,7,1589
頓,7,2238
頑,7,627
頒,7,1672
鼓,7,1919
僕,7,374
僚,7,1336
塾,7,2289
墨,7,2202
奪,7,1170
嫡,7,3964
寡,7,3086
寧,7,1577
彰,7,1944
徴,7,1177
憎,7,1808
慢,7,1192
摘,7,1043
漆,7,2426
漸,7,3510
漬,7,1812
滴,7,2237
漂,7,1773
漫,7,693
漏,7,1185
蔑,7,2000
遮,7,2466
遭,7,1503
隠,7,745
慕,7,2925
暦,7,2083
膜,7,2165
概,7,1205
熊,7,874
獄,7,1210
瑠,7,1682
瘍,7,2644
罰,7,1368
碑,7,2444
稲,7,1379
端,7,654
箸,7,1923
箋,7,2871
箇,7,1762
綻,7,2050
維,7,1087
綱,7,1407
緒,7,750
網,7,1668
腐,7,1149
蜜,7,2039
誓,7,2001
誘,7,1117
豪,7,989
貌,7,2220
踊,7,1329
辣,7,2616
酵,7,2335
酷,7,931
銃,7,1118
銘,7,2009
閥,7,2116
雌,7,2474
需,7,1400
餅,7,1801
駆,7,967
駄,7,775
髪,7,969
魂,7,1287
儀,7,1366
勲,7,1968
舗,7,1403
嘲,7,2595
嘱,7,3780
噴,7,563
墜,7,1710
墳,7,2729
審,7,935
寮,7,2640
履,7,1243
幣,7,2354
慶,7,1677
弊,7,2019
影,7,501
徹,7,1240
憧,7,1851
憬,7,2845
憤,7,2005
撮,7,716
撤,7,1194
撲,7,1231
潰,7,1058
潟,7,1485
潤,7,1992
澄,7,1908
潜,7,1075
蔽,7,1939
遵,7,3031
遷,7,2434
慰,7,1684
憂,7,1726
慮,7,1227
戯,7,1760
摯,7,2850
撃,7,245
摩,7,1487
敷,7,1165
暫,7,2015
膝,7,1733
膚,7,2234
槽,7,2028
歓,7,1399
璃,7,2414
畿,7,2479
監,7,789
盤,7,851
罵,7,2025
罷,7,3136
稽,7,2084
稼,7,1037
稿,7,122
穂,7,1641
窮,7,2190
窯,7,3423
範,7,1152
縁,7,1401
緩,7,1279
緊,7,1104
締,7,1164
縄,7,1208
衝,7,1089
褒,7,1457
誰,7,383
謁,7,3920
請,7,1133
諾,7,2324
賭,7,1774
賜,7,2798
賠,7,1885
賓,7,3622
賦,7,3359
趣,7,1206
踪,7,1981
踏,7,960
輝,7,1230
輩,7,1067
舞,7,1001
鋭,7,1821
鋳,7,3399
閲,7,188
震,7,132
霊,7,1182
餓,7,2521
餌,7,1816
頬,7,2142
駒,7,1820
駐,7,1623
魅,7,1193
黙,7,1299
儒,7,2895
凝,7,1679
壊,7,521
墾,7,4095
壌,7,2326
壇,7,2042
壁,7,1051
嬢,7,1789
憶,7,844
懐,7,1126
憾,7,2442
擁,7,1704
濁,7,2176
濃,7,1224
獲,7,1300
薫,7,2305
薪,7,2669
薦,7,2040
薄,7,911
還,7,1346
避,7,686
隣,7,1358
憩,7,2044
曇,7,2008
膳,7,3045
膨,7,1674
獣,7,1225
磨,7,1479
穏,7,1683
篤,7,2712
緻,7,2701
緯,7,1017
縛,7,1549
繁,7,1454
縫,7,2410
融,7,1271
衡,7,2639
諦,7,1313
謎,7,665
諧,7,3916
諮,7,3189
謀,7,773
諭,7,2138
謡,7,1020
賢,7,1412
醒,7,1397
麺,7,1628
錦,7,1622
錮,7,3272
錯,7,1647
錠,7,2201
錬,7,2067
隷,7,1475
頼,7,675
骸,7,2057
償,7,1256
嚇,7,2579
擬,7,1703
擦,7,1921
濯,7,2007
懇,7,2399
戴,7,2721
曖,7,1964
臆,7,2557
燥,7,2114
爵,7,2425
犠,7,1545
環,7,714
療,7,1053
瞳,7,2091
瞭,7,2778
矯,7,2404
礁,7,2664
繊,7,2128
翼,7,1296
聴,7,278
謹,7,2122
謙,7,1991
謄,7,4204
購,7,863
轄,7,2829
醜,7,2139
鍵,7,1440
鍋,7,1571
鍛,7,1785
闇,7,924
霜,7,1745
韓,7,784
頻,7,1510
鮮,7,642
齢,7,1095
濫,7,2412
藤,7,332
藍,7,1823
藩,7,2648
懲,7,1784
璧,7,1489
癖,7,1145
癒,7,1189
瞬,7,885
礎,7,1713
穫,7,2295
襟,7,2904
糧,7,2146
繕,7,2688
繭,7,3291
翻,7,1040
覆,7,1625
贈,7,1862
鎌,7,2264
鎖,7,1447
鎮,7,1590
闘,7,671
顎,7,2500
顕,7,1749
騎,7,951
騒,7,1031
瀬,7,818
藻,7,2534
爆,7,465
璽,7,5069
羅,7,1544
簿,7,2103
繰,7,1091
艶,7,2568
覇,7,1550
譜,7,610
蹴,7,1608
離,7,562
霧,7,1631
韻,7,2290
髄,7,2427
鯨,7,1404
鶏,7,1731
麓,7,4278
麗,7,983
懸,7,1307
欄,7,408
籍,7,1215
譲,7,1685
醸,7,2336
鐘,7,2143
響,7,616
騰,7,1979
艦,7,436
躍,7,1179
露,7,828
顧,7,1640
魔,7,460
鶴,7,1363
籠,7,1715
襲,7,1069
驚,7,668
鑑,7,1377
鬱,7,1135